{
  "benchmarks": [
    {
      "name": "10k ce dev [perf]",
      "bytesSent": 225516,
      "measurement": {
        "name": "perf",
        "mode": "performance",
        "entryName": "rerender-10k"
      },
      "browser": {
        "name": "chrome",
        "headless": true,
        "windowSize": {
          "width": 1024,
          "height": 768
        },
        "addArguments": [
          "--js-flags=--expose-gc",
          "--enable-precise-memory-info"
        ],
        "userAgent": "Mozilla/5.0 (Windows NT 10.0; Win64; x64) AppleWebKit/537.36 (KHTML, like Gecko) HeadlessChrome/128.0.0.0 Safari/537.36"
      },
      "mean": {
        "low": 246.40153997507093,
        "high": 251.18596002194886
      },
      "differences": [
        null,
        {
          "absolute": {
            "low": 204.31270954687523,
            "high": 209.09747055014458
          },
          "percentChange": {
            "low": 485.42037354422905,
            "high": 496.8161257601871
          }
        },
        {
          "absolute": {
            "low": -4.109430532235784,
            "high": 3.1369305507132244
          },
          "percentChange": {
            "low": -1.646921418365992,
            "high": 1.2567978699207032
          }
        },
        {
          "absolute": {
            "low": 204.28502306389638,
            "high": 209.07011353312348
          },
          "percentChange": {
            "low": 485.02423534925674,
            "high": 496.4397053788269
          }
        }
      ],
      "samples": [
        239.60000002384186,
        226.10000002384186,
        224.39999997615814,
        230.5,
        223.70000004768372,
        228.10000002384186,
        218.20000004768372,
        223.60000002384186,
        235,
        266.10000002384186,
        254.90000009536743,
        249.60000002384186,
        248.60000002384186,
        254.39999997615814,
        262.89999997615814,
        249.5,
        246.70000004768372,
        253.39999997615814,
        253.69999992847443,
        264.60000002384186,
        251.70000004768372,
        248,
        246.5,
        257.6999999284744,
        259.7999999523163,
        247.79999995231628,
        254.30000007152557,
        246.09999990463257,
        265.7000000476837,
        250.09999990463257,
        246.69999992847443,
        247.5,
        246.89999997615814,
        263.90000009536743,
        254.39999997615814,
        251.70000004768372,
        249.39999997615814,
        248.89999997615814,
        272.7999999523163,
        256.2999999523163,
        248.60000002384186,
        245.29999995231628,
        243.69999992847443,
        259.60000002384186,
        265.5,
        244.5,
        248.39999997615814,
        246.5,
        244.80000007152557,
        270.2999999523163,
        246.89999997615814,
        258,
        240.19999992847443,
        252.79999995231628,
        256.7999999523163,
        247,
        245.39999997615814,
        247.10000002384186,
        260.10000002384186,
        255.80000007152557,
        247.40000009536743,
        246.89999997615814,
        247.79999995231628,
        243.70000004768372,
        241.39999997615814,
        248.90000009536743,
        242.70000004768372,
        230.79999995231628,
        249.10000002384186,
        260.7999999523163,
        255.79999995231628,
        246.39999997615814,
        245.30000007152557,
        245.5,
        261.10000002384186,
        260.1999999284744,
        238.70000004768372,
        245.69999992847443,
        245.60000002384186,
        252.60000002384186
      ]
    },
    {
      "name": "10k ce dev [memory]",
      "bytesSent": 225516,
      "measurement": {
        "name": "memory",
        "mode": "expression",
        "expression": "jsHeapSize"
      },
      "browser": {
        "name": "chrome",
        "headless": true,
        "windowSize": {
          "width": 1024,
          "height": 768
        },
        "addArguments": [
          "--js-flags=--expose-gc",
          "--enable-precise-memory-info"
        ],
        "userAgent": "Mozilla/5.0 (Windows NT 10.0; Win64; x64) AppleWebKit/537.36 (KHTML, like Gecko) HeadlessChrome/128.0.0.0 Safari/537.36"
      },
      "mean": {
        "low": 42.06010004173718,
        "high": 42.11721985826282
      },
      "differences": [
        {
          "absolute": {
            "low": -209.09747055014458,
            "high": -204.31270954687523
          },
          "percentChange": {
            "low": -83.24597738443681,
            "high": -82.91984474714641
          }
        },
        null,
        {
          "absolute": {
            "low": -209.91266032696936,
            "high": -204.470019751573
          },
          "percentChange": {
            "low": -83.30057434463946,
            "high": -82.93124533458754
          }
        },
        {
          "absolute": {
            "low": -0.07671089301187511,
            "high": 0.021667393011907066
          },
          "percentChange": {
            "low": -0.18209055187753867,
            "high": 0.05139613045051727
          }
        }
      ],
      "samples": [
        42.033881,
        42.077673,
        42.078621,
        42.009545,
        42.124821,
        42.030493,
        42.035113,
        42.043941,
        42.019917,
        42.019665,
        42.064209,
        42.062601,
        42.140321,
        42.053773,
        42.086261,
        42.074577,
        42.043573,
        42.081425,
        42.043189,
        42.091469,
        42.075845,
        42.111009,
        42.061301,
        42.056125,
        42.060193,
        42.021649,
        42.105541,
        42.110165,
        42.023701,
        41.979889,
        42.058605,
        42.068521,
        42.089229,
        42.086377,
        42.025841,
        42.073429,
        42.087633,
        42.065845,
        41.996117,
        42.097825,
        42.082313,
        42.060609,
        42.067453,
        42.070181,
        42.832637,
        42.076413,
        41.990337,
        42.040409,
        42.095873,
        42.080181,
        42.042769,
        42.875829,
        42.048185,
        42.091517,
        42.044221,
        42.122457,
        42.063565,
        42.099181,
        42.066969,
        42.046985,
        42.016377,
        42.077785,
        42.099461,
        42.044477,
        42.103917,
        42.089081,
        42.047793,
        42.072109,
        42.137301,
        42.037997,
        42.095085,
        42.123609,
        42.106253,
        42.023885,
        42.126037,
        42.110417,
        42.152637,
        42.098805,
        42.064333,
        42.097445
      ]
    },
    {
      "name": "10k ce local [perf]",
      "bytesSent": 226076,
      "measurement": {
        "name": "perf",
        "mode": "performance",
        "entryName": "rerender-10k"
      },
      "browser": {
        "name": "chrome",
        "headless": true,
        "windowSize": {
          "width": 1024,
          "height": 768
        },
        "addArguments": [
          "--js-flags=--expose-gc",
          "--enable-precise-memory-info"
        ],
        "userAgent": "Mozilla/5.0 (Windows NT 10.0; Win64; x64) AppleWebKit/537.36 (KHTML, like Gecko) HeadlessChrome/128.0.0.0 Safari/537.36"
      },
      "mean": {
        "low": 246.55882957199157,
        "high": 252.00117040655078
      },
      "differences": [
        {
          "absolute": {
            "low": -3.1369305507132244,
            "high": 4.109430532235784
          },
          "percentChange": {
            "low": -1.2620972974739766,
            "high": 1.6529833151204747
          }
        },
        {
          "absolute": {
            "low": 204.470019751573,
            "high": 209.91266032696936
          },
          "percentChange": {
            "low": 485.7957405042481,