{
  "benchmarks": [
    {
      "name": "rerender 10k latest [perf]",
      "bytesSent": 227800,
      "measurement": {
        "name": "perf",
        "mode": "performance",
        "entryName": "rerender-10k"
      },
      "browser": {
        "name": "chrome",
        "headless": true,
        "windowSize": {
          "width": 1024,
          "height": 768
        },
        "addArguments": [
          "--js-flags=--expose-gc",
          "--enable-precise-memory-info"
        ],
        "userAgent": "Mozilla/5.0 (Windows NT 10.0; Win64; x64) AppleWebKit/537.36 (KHTML, like Gecko) HeadlessChrome/113.0.5672.127 Safari/537.36"
      },
      "mean": {
        "low": 109.92033863717407,
        "high": 111.27166146582275
      },
      "differences": [
        null,
        {
          "absolute": {
            "low": 86.33195670641236,
            "high": 87.7307665165845
          },
          "percentChange": {
            "low": 364.729018999056,
            "high": 373.9316808720384
          }
        },
        {
          "absolute": {
            "low": -3.2339594565956444,
            "high": -1.4340404213340578
          },
          "percentChange": {
            "low": -2.856540412379586,
            "high": -1.2769935275158422
          }
        },
        {
          "absolute": {
            "low": 85.99916192601094,
            "high": 87.35579009698588
          },
          "percentChange": {
            "low": 359.33319411844377,
            "high": 365.439587567783
          }
        }
      ],
      "samples": [
        113.59999990463257,
        108.60000038146973,
        112.5,
        111,
        116.59999990463257,
        110.7000002861023,
        111,
        110.40000009536743,
        113,
        106.5,
        109,
        107.30000019073486,
        111.5,
        108.30000019073486,
        110.80000019073486,
        112.40000009536743,
        106.40000009536743,
        114.40000009536743,
        112.5,
        107.80000019073486,
        110.09999990463257,
        111.80000019073486,
        109.30000019073486,
        112.39999961853027,
        105.90000009536743,
        113.10000038146973,
        113.5,
        108.5,
        106.39999961853027,
        111.2000002861023,
        111.2999997138977,
        112.40000009536743,
        109.09999990463257,
        110.7000002861023,
        110.40000009536743,
        109.90000009536743,
        113.2000002861023,
        111.2999997138977,
        113.7000002861023,
        109.5,
        106.59999990463257,
        109.40000009536743,
        110.10000038146973,
        107.40000009536743,
        108.80000019073486,
        112.40000009536743,
        110.2999997138977,
        113.30000019073486,
        112.09999990463257,
        111.39999961853027
      ]
    },
    {
      "name": "rerender 10k latest [memory]",
      "bytesSent": 227800,
      "measurement": {
        "name": "memory",
        "mode": "expression",
        "expression": "jsHeapSize"
      },
      "browser": {
        "name": "chrome",
        "headless": true,
        "windowSize": {
          "width": 1024,
          "height": 768
        },
        "addArguments": [
          "--js-flags=--expose-gc",
          "--enable-precise-memory-info"
        ],
        "userAgent": "Mozilla/5.0 (Windows NT 10.0; Win64; x64) AppleWebKit/537.36 (KHTML, like Gecko) HeadlessChrome/113.0.5672.127 Safari/537.36"
      },
      "mean": {
        "low": 23.383948444561163,
        "high": 23.745328435438815
      },
      "differences": [
        {
          "absolute": {
            "low": -87.7307665165845,
            "high": -86.33195670641236
          },
          "percentChange": {
            "low": -78.90194048500938,
            "high": -78.484152268748
          }
        },
        null,
        {
          "absolute": {
            "low": -89.98669693575785,
            "high": -88.74402616516868
          },
          "percentChange": {
            "low": -79.327490093802,
            "high": -78.93933281952485
          }
        },
        {
          "absolute": {
            "low": -0.5442550466442281,
            "high": -0.16351615335578243
          },
          "percentChange": {
            "low": -2.2742948796740636,
            "high": -0.6847974071926919
          }
        }
      ],
      "samples": [
        23.188585,
        24.353057,
        23.090781,
        24.264509,
        23.148293,
        24.316541,
        24.160697,
        22.893289,
        23.011641,
        24.060861,
        24.431117,
        23.061021,
        23.102909,
        24.389685,
        23.066321,
        23.057377,
        24.463965,
        22.994641,
        23.207985,
        24.143593,
        22.876333,
        22.914837,
        23.056217,
        22.916505,
        24.170273,
        23.177769,
        23.131505,
        24.434133,
        24.387773,
        24.149901,
        23.080285,
        23.057241,
        24.240717,
        23.081969,
        23.067113,
        23.098929,
        24.332177,
        23.238749,
        22.983489,
        24.178401,
        24.521729,
        24.029513,
        22.740421,
        24.364173,
        24.282241,
        24.415225,
        23.004365,
        22.880213,
        22.889281,
        23.123577
      ]
    },
    {
      "name": "rerender 10k local [perf]",
      "bytesSent": 227681,
      "measurement": {
        "name": "perf",
        "mode": "performance",
        "entryName": "rerender-10k"
      },
      "browser": {
        "name": "chrome",
        "headless": true,
        "windowSize": {
          "width": 1024,
          "height": 768
        },
        "addArguments": [
          "--js-flags=--expose-gc",
          "--enable-precise-memory-info"
        ],
        "userAgent": "Mozilla/5.0 (Windows NT 10.0; Win64; x64) AppleWebKit/537.36 (KHTML, like Gecko) HeadlessChrome/113.0.5672.127 Safari/537.36"
      },
      "mean": {
        "low": 112.33551804240471,
        "high": 113.5244819385218
      },
      "differences": [
        {
          "absolute": {
            "low": 1.4340404213340578,
            "high": 3.2339594565956444
          },
          "percentChange": {
            "low": 1.2869239977695577,
            "high": 2.933843367918238
          }
        },
        {
          "absolute": {
            "low": 88.74402616516868,
            "high": 89.98669693575785
          },
          "percentChange": {
            "low": 374.7776906449522,
            "high": 383.6923514734899
          }
        },
        null,
        {
          "absolute": {
            "low": 88.41398081380403,
            "high": 89.6089710871225
          },
          "percentChange": {
            "low": 369.39189200176924,
            "high": 374.8971435725453
          }
        }
      ],