{
  "benchmarks": [
    {
      "name": "startup 10k CE latest [perf]",
      "bytesSent": 225473,
      "measurement": {
        "name": "perf",
        "mode": "performance",
        "entryName": "startup-10k"
      },
      "browser": {
        "name": "chrome",
        "headless": true,
        "windowSize": {
          "width": 1024,
          "height": 768
        },
        "addArguments": [
          "--js-flags=--expose-gc",
          "--enable-precise-memory-info"
        ],
        "userAgent": "Mozilla/5.0 (Windows NT 10.0; Win64; x64) AppleWebKit/537.36 (KHTML, like Gecko) HeadlessChrome/128.0.0.0 Safari/537.36"
      },
      "mean": {
        "low": 228.28459846460433,
        "high": 230.02397297622863
      },
      "differences": [
        null,
        {
          "absolute": {
            "low": 186.5423912985469,
            "high": 188.28246362800033
          },
          "percentChange": {
            "low": 446.8710626619145,
            "high": 451.088133638138
          }
        },
        {
          "absolute": {
            "low": -1.2177369696859033,
            "high": 1.4263084173308458
          },
          "percentChange": {
            "low": -0.5317958661857953,
            "high": 0.622855219011835
          }
        },
        {
          "absolute": {
            "low": 186.51428975241754,
            "high": 188.2554395741297
          },
          "percentChange": {
            "low": 446.4721821628214,
            "high": 450.76249296911726
          }
        }
      ],
      "samples": [
        233.20000004768372,
        228.29999995231628,
        236.69999992847443,
        228.5,
        230,
        230.70000004768372,
        226.39999997615814,
        228.20000004768372,
        229.70000004768372,
        229,
        228.89999997615814,
        227.89999997615814,
        230.70000004768372,
        229.79999995231628,
        231.39999997615814,
        226.5,
        230.90000009536743,
        223.5,
        224.89999997615814,
        228.29999995231628,
        222.30000007152557,
        223.29999995231628,
        230.69999992847443,
        223.30000007152557,
        236.69999992847443,
        232.70000004768372,
        223,
        230.5,
        225,
        228.70000004768372,
        227.89999997615814,
        226.10000002384186,
        224.20000004768372,
        237.59999990463257,
        235.40000009536743,
        229.90000009536743,
        228,
        225.29999995231628,
        224.70000004768372,
        228.70000004768372,
        229.60000002384186,
        228.20000004768372,
        236.5,
        231.39999997615814,
        233.70000004768372,
        222.5,
        226.89999997615814,
        226.70000004768372,
        229.20000004768372,
        231.60000002384186,
        232.5,
        235.39999997615814,
        232.80000007152557,
        229.60000002384186,
        227.89999997615814,
        225.39999997615814,
        225,
        226.29999995231628,
        231,
        227.60000002384186,
        227.80000007152557,
        230.39999997615814,
        232.10000002384186,
        234.29999995231628,
        234.89999997615814,
        227.80000007152557,
        231.09999990463257,
        227.40000009536743,
        228.19999992847443,
        229.5
      ]
    },
    {
      "name": "startup 10k CE latest [memory]",
      "bytesSent": 225473,
      "measurement": {
        "name": "memory",
        "mode": "expression",
        "expression": "jsHeapSize"
      },
      "browser": {
        "name": "chrome",
        "headless": true,
        "windowSize": {
          "width": 1024,
          "height": 768
        },
        "addArguments": [
          "--js-flags=--expose-gc",
          "--enable-precise-memory-info"
        ],
        "userAgent": "Mozilla/5.0 (Windows NT 10.0; Win64; x64) AppleWebKit/537.36 (KHTML, like Gecko) HeadlessChrome/128.0.0.0 Safari/537.36"
      },
      "mean": {
        "low": 41.71722078547247,
        "high": 41.766495728813275
      },
      "differences": [
        {
          "absolute": {
            "low": -188.28246362800033,
            "high": -186.5423912985469
          },
          "percentChange": {
            "low": -81.8543498396751,
            "high": -81.71442381348652
          }
        },
        null,
        {
          "absolute": {
            "low": -188.30413123951595,
            "high": -186.31215223938634
          },
          "percentChange": {
            "low": -81.85603989767849,
            "high": -81.69614673601409
          }
        },
        {
          "absolute": {
            "low": -0.07394984021920059,
            "high": 0.01882424021924655
          },
          "percentChange": {
            "low": -0.17699040466382082,
            "high": 0.04501443132069212
          }
        }
      ],
      "samples": [
        41.702981,
        41.724361,
        41.781217,
        41.727283,
        41.719089,
        41.688733,
        41.689879,
        41.695113,
        41.787125,
        41.723089,
        41.733835,
        41.731569,
        41.704423,
        41.757465,
        41.777701,
        41.802333,
        41.727575,
        41.741881,
        41.683097,
        41.747321,
        41.708779,
        41.730049,
        41.721377,
        41.691893,
        41.745617,
        41.710943,
        41.726879,
        41.741301,
        41.774375,
        41.747435,
        41.760083,
        41.743893,
        41.750271,
        41.765907,
        41.728399,
        41.715333,
        41.714807,
        41.728769,
        41.695881,
        41.751781,
        41.764409,
        41.736127,
        41.687941,
        41.705543,
        41.762461,
        41.728013,
        41.746369,
        41.732429,
        41.720117,
        41.731485,
        41.675565,
        41.697383,
        41.781413,
        41.752281,
        41.766989,
        41.685589,
        41.752101,
        41.738585,
        41.734365,
        41.711393,
        41.661567,
        41.771909,
        41.717943,
        41.782631,
        41.750007,
        41.693015,
        41.681661,
        41.704689,
        42.555995,
        41.700261
      ]
    },
    {
      "name": "startup 10k CE local [perf]",
      "bytesSent": 226034,
      "measurement": {
        "name": "perf",
        "mode": "performance",
        "entryName": "startup-10k"
      },
      "browser": {
        "name": "chrome",
        "headless": true,
        "windowSize": {
          "width": 1024,
          "height": 768
        },
        "addArguments": [
          "--js-flags=--expose-gc",
          "--enable-precise-memory-info"
        ],
        "userAgent": "Mozilla/5.0 (Windows NT 10.0; Win64; x64) AppleWebKit/537.36 (KHTML, like Gecko) HeadlessChrome/128.0.0.0 Safari/537.36"
      },
      "mean": {
        "low": 228.05431526776212,
        "high": 230.0456847254259
      },
      "differences": [
        {
          "absolute": {
            "low": -1.4263084173308458,
            "high": 1.2177369696859033
          },
          "percentChange": {
            "low": -0.6223091488410017,
            "high": 0.5312912361760761
          }
        },
        {
          "absolute": {
            "low": 186.31215223938634,
            "high": 188.30413123951595
          },
          "percentChange": {
            "low": 446.32253691408835,
            "high": 451.1369896147717
          }
        },
        null,
        {
          "absolute": {
            "low": 186.28411878885856,
            "high": 188.2770390900438
          },
          "percentChange": {
            "low": 445.92869605931645,
            "high": 450.80663902345196
          }
        }
      ],