{
  "benchmarks": [
    {
      "name": "startup 1k latest (big template) [perf]",
      "bytesSent": 228286,
      "measurement": {
        "name": "perf",
        "mode": "performance",
        "entryName": "startup-1k-big-template"
      },
      "browser": {
        "name": "chrome",
        "headless": true,
        "windowSize": {
          "width": 1024,
          "height": 768
        },
        "addArguments": [
          "--js-flags=--expose-gc",
          "--enable-precise-memory-info"
        ],
        "userAgent": "Mozilla/5.0 (Windows NT 10.0; Win64; x64) AppleWebKit/537.36 (KHTML, like Gecko) HeadlessChrome/114.0.5735.110 Safari/537.36"
      },
      "mean": {
        "low": 543.125652673685,
        "high": 548.7743473167784
      },
      "differences": [
        null,
        {
          "absolute": {
            "low": 466.66970215939233,
            "high": 472.31876983107105
          },
          "percentChange": {
            "low": 610.3665303109208,
            "high": 617.7795542543493
          }
        },
        {
          "absolute": {
            "low": -23.075610854861104,
            "high": -14.532389161351269
          },
          "percentChange": {
            "low": -4.071888852882765,
            "high": -2.5872937320993863
          }
        },
        {
          "absolute": {
            "low": 463.26701195966336,
            "high": 468.9168683508
          },
          "percentChange": {
            "low": 580.0799211349672,
            "high": 587.2210152741377
          }
        }
      ],
      "samples": [
        550.2999999523163,
        535.5,
        539.0999999046326,
        541.3999999761581,
        549.3999999761581,
        548,
        538,
        541.3999999761581,
        552.2999999523163,
        542.5999999046326,
        538.2000000476837,
        563.7999999523163,
        542.3999999761581,
        535.8999999761581,
        557.4000000953674,
        545.3999999761581,
        550.3999999761581,
        537.2000000476837,
        562.5,
        535.1000000238419,
        535.8999999761581,
        542.6999999284744,
        548.6000000238419,
        547.3000000715256,
        535.6999999284744,
        559.4000000953674,
        537.7000000476837,
        539,
        567.6000000238419,
        549.3000000715256,
        541.3000000715256,
        535.8999999761581,
        548.2000000476837,
        539.8999999761581,
        537,
        574.1000000238419,
        542.3999999761581,
        546.4000000953674,
        544.7999999523163,
        557,
        537.7999999523163,
        548.1999999284744,
        570.1000000238419,
        538.6999999284744,
        557.5,
        556.2000000476837,
        535.2999999523163,
        539.2000000476837,
        537.6999999284744,
        540.2999999523163
      ]
    },
    {
      "name": "startup 1k latest (big template) [memory]",
      "bytesSent": 228286,
      "measurement": {
        "name": "memory",
        "mode": "expression",
        "expression": "jsHeapSize"
      },
      "browser": {
        "name": "chrome",
        "headless": true,
        "windowSize": {
          "width": 1024,
          "height": 768
        },
        "addArguments": [
          "--js-flags=--expose-gc",
          "--enable-precise-memory-info"
        ],
        "userAgent": "Mozilla/5.0 (Windows NT 10.0; Win64; x64) AppleWebKit/537.36 (KHTML, like Gecko) HeadlessChrome/114.0.5735.110 Safari/537.36"
      },
      "mean": {
        "low": 76.42330483991847,
        "high": 76.48822316008153
      },
      "differences": [
        {
          "absolute": {
            "low": -472.31876983107105,
            "high": -466.66970215939233
          },
          "percentChange": {
            "low": -86.06852130157996,
            "high": -85.92313947297164
          }
        },
        null,
        {
          "absolute": {
            "low": -491.5030409943567,
            "high": -485.09343101231906
          },
          "percentChange": {
            "low": -86.53914611135305,
            "high": -86.38507788722045
          }
        },
        {
          "absolute": {
            "low": -3.468137426111768,
            "high": -3.336454253888219
          },
          "percentChange": {
            "low": -4.340232421751339,
            "high": -4.180625327151352
          }
        }
      ],
      "samples": [
        76.552478,
        76.33529,
        76.366698,
        76.389274,
        76.383986,
        76.414726,
        76.572554,
        76.478294,
        76.512482,
        76.40209,
        76.367218,
        76.426642,
        76.57757,
        76.393518,
        76.400766,
        76.593542,
        76.446626,
        76.378334,
        76.400826,
        76.364422,
        76.446538,
        76.528302,
        76.533938,
        76.409018,
        76.351434,
        76.415782,
        76.46305,
        76.410306,
        76.434338,
        76.461738,
        76.351054,
        76.361018,
        76.360814,
        76.449698,
        76.438402,
        77.02301,
        76.45349,
        76.580846,
        76.377814,
        76.377418,
        76.442554,
        76.420382,
        76.36875,
        76.573966,
        76.66919,
        76.41253,
        76.447374,
        76.50271,
        76.365954,
        76.599446
      ]
    },
    {
      "name": "startup 1k local (big template) [perf]",
      "bytesSent": 250189,
      "measurement": {
        "name": "perf",
        "mode": "performance",
        "entryName": "startup-1k-big-template"
      },
      "browser": {
        "name": "chrome",
        "headless": true,
        "windowSize": {
          "width": 1024,
          "height": 768
        },
        "addArguments": [
          "--js-flags=--expose-gc",
          "--enable-precise-memory-info"
        ],
        "userAgent": "Mozilla/5.0 (Windows NT 10.0; Win64; x64) AppleWebKit/537.36 (KHTML, like Gecko) HeadlessChrome/114.0.5735.110 Safari/537.36"
      },
      "mean": {
        "low": 561.5493593942546,
        "high": 567.9586406124212
      },
      "differences": [
        {
          "absolute": {
            "low": 14.532389161351269,
            "high": 23.075610854861104
          },
          "percentChange": {
            "low": 2.649959820555803,
            "high": 4.238583089333535
          }
        },
        {
          "absolute": {
            "low": 485.09343101231906,
            "high": 491.5030409943567
          },
          "percentChange": {
            "low": 634.4644447099264,
            "high": 642.8708677809353
          }
        },
        null,
        {
          "absolute": {
            "low": 481.6907876005455,
            "high": 488.1010927261302
          },
          "percentChange": {
            "low": 603.1523877877942,
            "high": 611.2421044772407
          }
        }
      ],