{
  "benchmarks": [
    {
      "name": "startup 10k npm [perf]",
      "bytesSent": 225334,
      "measurement": {
        "name": "perf",
        "mode": "performance",
        "entryName": "startup-10k"
      },
      "browser": {
        "name": "chrome",
        "headless": true,
        "windowSize": {
          "width": 1024,
          "height": 768
        },
        "addArguments": [
          "--js-flags=--expose-gc",
          "--enable-precise-memory-info"
        ],
        "userAgent": "Mozilla/5.0 (Windows NT 10.0; Win64; x64) AppleWebKit/537.36 (KHTML, like Gecko) HeadlessChrome/131.0.0.0 Safari/537.36"
      },
      "mean": {
        "low": 109.051078717879,
        "high": 111.44892127496846
      },
      "differences": [
        null,
        {
          "absolute": {
            "low": 87.08816855331408,
            "high": 89.48606535953336
          },
          "percentChange": {
            "low": 396.52131371787726,
            "high": 407.4452401778967
          }
        },
        {
          "absolute": {
            "low": 2.6880475255315126,
            "high": 5.595952480190537
          },
          "percentChange": {
            "low": 2.515969605899386,
            "high": 5.291170295168033
          }
        },
        {
          "absolute": {
            "low": 87.20754981241807,
            "high": 89.60546010042937
          },
          "percentChange": {
            "low": 399.2342850631586,
            "high": 410.2195573236292
          }
        }
      ],
      "samples": [
        107.19999998807907,
        105.30000001192093,
        106.09999996423721,
        107.40000003576279,
        104.69999998807907,
        107,
        109.30000001192093,
        114.39999997615814,
        114.80000001192093,
        105.10000002384186,
        105.09999996423721,
        107.39999997615814,
        107,
        108.60000002384186,
        109,
        120.09999996423721,
        107.5,
        115.09999996423721,
        116.30000001192093,
        112.69999998807907,
        110.30000001192093,
        112.29999995231628,
        116.30000001192093,
        116,
        114,
        113.5,
        117.39999997615814,
        118.10000002384186,
        110.5,
        110.69999998807907,
        118.90000003576279,
        106.89999997615814,
        111.30000001192093,
        110.29999995231628,
        109.60000002384186,
        109.59999996423721,
        112,
        113.79999995231628,
        110.80000001192093,
        108.10000002384186,
        111.39999997615814,
        110.10000002384186,
        111.39999997615814,
        106,
        104.19999998807907,
        105.80000001192093,
        106.19999998807907,
        104.40000003576279,
        108,
        104.5
      ]
    },
    {
      "name": "startup 10k npm [memory]",
      "bytesSent": 225334,
      "measurement": {
        "name": "memory",
        "mode": "expression",
        "expression": "jsHeapSize"
      },
      "browser": {
        "name": "chrome",
        "headless": true,
        "windowSize": {
          "width": 1024,
          "height": 768
        },
        "addArguments": [
          "--js-flags=--expose-gc",
          "--enable-precise-memory-info"
        ],
        "userAgent": "Mozilla/5.0 (Windows NT 10.0; Win64; x64) AppleWebKit/537.36 (KHTML, like Gecko) HeadlessChrome/131.0.0.0 Safari/537.36"
      },
      "mean": {
        "low": 21.95481822928725,
        "high": 21.970947850712754
      },
      "differences": [
        {
          "absolute": {
            "low": -89.48606535953336,
            "high": -87.08816855331408
          },
          "percentChange": {
            "low": -80.29577322368394,
            "high": -79.86226207661095
          }
        },
        null,
        {
          "absolute": {
            "low": -84.96769255212925,
            "high": -83.32254135499616
          },
          "percentChange": {
            "low": -79.46202115870446,
            "high": -79.14075517987051
          }
        },
        {
          "absolute": {
            "low": 0.1072947637864321,
            "high": 0.13148123621356222
          },
          "percentChange": {
            "low": 0.49102956261526803,
            "high": 0.6020922091650518
          }
        }
      ],
      "samples": [
        21.908432,
        21.953628,
        21.919972,
        21.967696,
        22.00054,
        21.937268,
        21.949196,
        21.958344,
        21.940124,
        21.949748,
        21.98836,
        22.037632,
        22.0217,
        22.01064,
        21.955716,
        21.991152,
        21.989828,
        21.943964,
        22.00926,
        21.982,
        21.93326,
        21.961472,
        21.928688,
        21.939188,
        21.9579,
        21.944608,
        21.952988,
        21.954344,
        21.957872,
        21.986012,
        21.95598,
        21.943836,
        21.948784,
        21.983224,
        21.954748,
        21.983196,
        21.91356,
        21.978828,
        21.969744,
        21.948912,
        21.91992,
        22.022252,
        21.958732,
        21.954968,
        21.955572,
        21.955808,
        21.939068,
        21.967868,
        21.99222,
        21.9654
      ]
    },
    {
      "name": "startup 10k local [perf]",
      "bytesSent": 258451,
      "measurement": {
        "name": "perf",
        "mode": "performance",
        "entryName": "startup-10k"
      },
      "browser": {
        "name": "chrome",
        "headless": true,
        "windowSize": {
          "width": 1024,
          "height": 768
        },
        "addArguments": [
          "--js-flags=--expose-gc",
          "--enable-precise-memory-info"
        ],
        "userAgent": "Mozilla/5.0 (Windows NT 10.0; Win64; x64) AppleWebKit/537.36 (KHTML, like Gecko) HeadlessChrome/131.0.0.0 Safari/537.36"
      },
      "mean": {
        "low": 105.28546393101877,
        "high": 106.93053605610663
      },
      "differences": [
        {
          "absolute": {
            "low": -5.595952480190537,
            "high": -2.6880475255315126
          },
          "percentChange": {
            "low": -5.042213002764441,
            "high": -2.471619202215843
          }
        },
        {
          "absolute": {
            "low": 83.32254135499616,
            "high": 84.96769255212925
          },
          "percentChange": {
            "low": 379.37486817152734,
            "high": 386.87350459732113
          }
        },
        null,
        {
          "absolute": {
            "low": 83.44191952980685,
            "high": 85.08709037731853
          },
          "percentChange": {
            "low": 381.99383735606295,
            "high": 389.53567107889006
          }
        }
      ],